customer_id,country,age,customer_name,is_subscriber,num_streams,subscriber_type
1,united_states,22.0,"Kasen,Todd",False,23,aavail_premium
2,singapore,31.0,"Ensley,Garza",True,12,aavail_unlimited
3,united_states,23.0,"Lillian,Carey",True,22,aavail_premium
4,united_states,21.0,"Beau,Christensen",False,19,aavail_basic
5,singapore,22.0,"Ernesto,Gibson",False,23,aavail_premium
6,united_states,23.0,"Deshawn,Murray",False,20,aavail_premium
7,singapore,50.0,"Daxton,Tate",True,18,aavail_basic
8,united_states,48.0,"Tenley,Small",False,20,aavail_premium
9,united_states,22.0,"Kyra,Chase",True,24,aavail_premium
10,united_states,27.0,"London,Barber",True,20,aavail_basic
11,united_states,15.0,"Rohan,Rivas",False,18,aavail_premium
12,singapore,40.0,"Romina,Ross",True,1,aavail_unlimited
13,united_states,21.0,"Liberty,Moore",False,21,aavail_premium
14,united_states,20.0,"Yusuf,Huber",False,22,aavail_basic
15,united_states,24.0,"Brantley,Suarez",True,20,aavail_premium
16,united_states,23.0,"Skyler,Ray",False,5,aavail_basic
17,united_states,28.0,"Joel,Boyd",False,24,aavail_premium
18,singapore,46.0,"Zayne,Torres",True,17,aavail_basic
19,united_states,29.0,"Madden,Cross",False,19,aavail_premium
20,united_states,21.0,"Jabari,Eaton",False,5,aavail_premium
21,singapore,39.0,"Claudia,Hickman",True,5,aavail_unlimited
22,singapore,42.0,"Darwin,Parker",True,19,aavail_basic
23,united_states,23.0,"Josiah,Pruitt",False,23,aavail_unlimited
24,singapore,24.0,"Derek,Landry",True,14,aavail_basic
25,singapore,21.0,"Sage,Dejesus",False,15,aavail_basic
26,united_states,25.0,"Mikaela,Adams",False,23,aavail_premium
27,united_states,22.0,"Jimmy,Lee",False,18,aavail_basic
28,united_states,20.0,"Devin,Hubbard",False,14,aavail_basic
29,singapore,22.0,"Kameron,Miles",False,18,aavail_basic
30,united_states,40.0,"Francisco,Jennings",False,21,aavail_unlimited
31,united_states,20.0,"Dalary,Rubio",False,20,aavail_unlimited
32,singapore,26.0,"Philip,Cunningham",True,26,aavail_premium
33,united_states,29.0,"Landyn,Park",False,19,aavail_unlimited
34,singapore,38.0,"Collins,Ayers",True,9,aavail_unlimited
35,singapore,43.0,"Cecilia,Madden",True,14,aavail_premium
36,singapore,34.0,"Bella,Valdez",True,26,aavail_premium
37,united_states,39.0,"Ishaan,Cardenas",False,23,aavail_premium
38,united_states,43.0,"Maddox,Grimes",False,21,aavail_basic
39,singapore,24.0,"Salma,Santana",True,20,aavail_basic
40,singapore,23.0,"Jaime,Blackwell",False,6,aavail_basic
41,united_states,22.0,"Cannon,Davila",False,19,aavail_unlimited
42,singapore,52.0,"Oliver,Hinton",True,21,aavail_unlimited
43,united_states,33.0,"Santiago,Francis",False,21,aavail_premium
44,united_states,27.0,"Remi,Mayer",False,23,aavail_unlimited
45,singapore,26.0,"Kingsley,Gutierrez",False,7,aavail_premium
46,singapore,23.0,"Megan,Shepard",False,13,aavail_basic
47,united_states,44.0,"Robert,Nava",False,5,aavail_basic
48,united_states,24.0,"Elijah,Austin",False,19,aavail_unlimited
49,united_states,25.0,"Cash,Reyes",False,17,aavail_premium
50,singapore,20.0,"Ford,Nash",False,10,aavail_unlimited
51,united_states,27.0,"Isabella,Simpson",False,10,aavail_basic
52,united_states,45.0,"Lindsey,Curry",False,22,aavail_premium
53,united_states,28.0,"Chelsea,Klein",True,22,aavail_premium
54,united_states,30.0,"Kinslee,Bender",False,16,aavail_unlimited
55,united_states,26.0,"Harvey,Hester",False,18,aavail_basic
56,united_states,19.0,"Laila,Sanford",False,20,aavail_unlimited
57,united_states,17.0,"Fox,Houston",False,21,aavail_basic
58,united_states,43.0,"Dorian,Ellis",True,18,aavail_unlimited
59,united_states,25.0,"Rafael,Barnes",False,6,aavail_unlimited
60,united_states,20.0,"Aryan,Norton",False,21,aavail_basic
61,united_states,24.0,"Mohammad,Alvarado",True,19,aavail_unlimited
62,united_states,46.0,"Raphael,Mccann",False,16,aavail_premium
63,united_states,28.0,"Izabella,Lawrence",True,19,aavail_premium
64,united_states,45.0,"Bowen,Sierra",False,20,aavail_basic
65,united_states,21.0,"Abram,Collier",False,8,aavail_unlimited
66,united_states,22.0,"Howard,Villa",False,20,aavail_premium
67,united_states,24.0,"Harlan,Webb",False,21,aavail_basic
68,united_states,19.0,"Samara,Sims",True,23,aavail_unlimited
69,singapore,21.0,"Dominick,Reilly",True,19,aavail_unlimited
70,united_states,23.0,"Amira,Chen",True,23,aavail_premium
71,united_states,22.0,"River,Mcpherson",False,24,aavail_premium
72,united_states,40.0,"Maison,Estrada",False,20,aavail_premium
73,united_states,25.0,"Mordechai,Grant",False,10,aavail_basic
74,united_states,43.0,"Elianna,Peterson",False,23,aavail_unlimited
75,united_states,30.0,"Genesis,Weaver",False,6,aavail_basic
76,united_states,23.0,"Mabel,Miranda",False,22,aavail_basic
77,united_states,20.0,"Kamilah,Dean",True,20,aavail_premium
78,united_states,27.0,"Alfredo,Mosley",False,14,aavail_premium
79,united_states,18.0,"Magnus,Barrett",True,18,aavail_premium
80,singapore,19.0,"Jedidiah,Walter",True,10,aavail_unlimited
81,singapore,21.0,"Ophelia,Avila",True,18,aavail_basic
82,united_states,22.0,"Lexi,Bradley",False,22,aavail_premium
83,united_states,42.0,"Jairo,Walters",False,23,aavail_unlimited
84,united_states,31.0,"Javier,Lowe",False,22,aavail_basic
85,united_states,21.0,"Gibson,Fernandez",False,21,aavail_basic
86,united_states,23.0,"Lane,Richard",True,23,aavail_basic
87,singapore,24.0,"Briar,Alvarez",True,14,aavail_premium
88,united_states,26.0,"Camille,Mora",False,18,aavail_basic
89,united_states,23.0,"Melanie,Ashley",False,20,aavail_premium
90,united_states,21.0,"Carter,Sharp",False,20,aavail_basic
91,singapore,25.0,"Baker,Terrell",True,19,aavail_basic
92,united_states,21.0,"Callie,Hammond",False,21,aavail_basic
93,united_states,18.0,"Amber,Marsh",True,20,aavail_premium
94,united_states,42.0,"Tristan,Travis",False,10,aavail_basic
95,singapore,39.0,"Chloe,Melton",False,21,aavail_basic
96,united_states,27.0,"Dylan,Lewis",False,18,aavail_unlimited
97,singapore,37.0,"Ellis,Mcconnell",True,13,aavail_premium
98,singapore,56.0,"Nikolai,Lara",True,18,aavail_basic
99,united_states,26.0,"Orion,Bell",False,22,aavail_premium
100,singapore,21.0,"Rylan,Roberson",True,17,aavail_premium
101,united_states,22.0,"Brysen,Reid",True,24,aavail_basic
102,united_states,49.0,"Myra,Blanchard",False,23,aavail_unlimited
103,united_states,34.0,"Jordy,Spence",False,16,aavail_premium
104,united_states,20.0,"Alijah,Copeland",False,17,aavail_basic
105,united_states,24.0,"Keilani,Woods",False,5,aavail_premium
106,united_states,28.0,"Salvatore,Robles",False,23,aavail_unlimited
107,united_states,25.0,"Saul,Rosas",False,22,aavail_premium
108,singapore,26.0,"Scarlet,Xiong",False,10,aavail_unlimited
109,united_states,42.0,"Malik,Fletcher",True,15,aavail_premium
110,united_states,25.0,"Parker,Goodwin",False,21,aavail_basic
111,united_states,50.0,"Justice,Lynch",False,22,aavail_premium
112,united_states,32.0,"Kian,Vega",False,19,aavail_unlimited
113,singapore,41.0,"Elsie,Mcgee",True,25,aavail_premium
114,united_states,23.0,"Christina,Randolph",False,25,aavail_unlimited
115,united_states,26.0,"Myla,Stevens",False,18,aavail_premium
116,singapore,25.0,"Lara,Flynn",True,18,aavail_premium
117,singapore,27.0,"Anastasia,Khan",True,16,aavail_basic
118,united_states,22.0,"Nikolas,Adkins",True,24,aavail_unlimited
119,united_states,17.0,"Andrea,Patrick",False,18,aavail_basic
120,singapore,26.0,"Tate,Blake",True,12,aavail_basic
121,singapore,24.0,"Sky,Sherman",True,15,aavail_unlimited
122,united_states,21.0,"Cara,Palmer",False,20,aavail_premium
123,united_states,22.0,"Sutton,Hanson",False,21,aavail_unlimited
124,singapore,42.0,"Jaxxon,Contreras",False,13,aavail_premium
125,united_states,33.0,"Graysen,Decker",True,16,aavail_basic
126,united_states,30.0,"Callum,Espinosa",False,17,aavail_premium
127,singapore,21.0,"Lyla,Orozco",False,15,aavail_basic
128,united_states,20.0,"Lyra,Atkins",False,22,aavail_basic
129,singapore,23.0,"William,Pace",True,29,aavail_unlimited
130,united_states,27.0,"Raymond,Maxwell",False,16,aavail_unlimited
131,united_states,43.0,"Everett,Long",False,20,aavail_premium
132,united_states,30.0,"Hassan,Bowman",False,20,aavail_premium
133,united_states,25.0,"Leonel,Salgado",True,21,aavail_basic
134,singapore,19.0,"Grey,Carson",False,11,aavail_unlimited
135,united_states,28.0,"Hope,Hart",False,20,aavail_premium
136,united_states,22.0,"Randy,Trevino",False,19,aavail_unlimited
137,singapore,20.0,"Lee,Luna",True,16,aavail_premium
138,united_states,20.0,"Ariadne,Villanueva",False,22,aavail_basic
139,united_states,26.0,"Cairo,Washington",False,17,aavail_premium
140,singapore,24.0,"Mira,Frazier",False,19,aavail_basic
141,singapore,24.0,"Rosa,Franklin",True,15,aavail_premium
142,united_states,27.0,"Ismael,Carrillo",False,20,aavail_unlimited
143,united_states,48.0,"Jaxx,Noble",True,20,aavail_basic
144,united_states,21.0,"London,Miller",False,24,aavail_unlimited
145,united_states,27.0,"Oakley,Bailey",False,19,aavail_premium
146,united_states,21.0,"Kyng,Jefferson",False,17,aavail_basic
147,united_states,29.0,"Eliana,Romero",False,20,aavail_premium
148,united_states,25.0,"Caiden,Conner",True,26,aavail_basic
149,united_states,20.0,"Cristian,Graham",True,17,aavail_unlimited
150,singapore,50.0,"Wade,Johnson",True,19,aavail_unlimited
151,singapore,17.0,"Aubrie,Patel",False,13,aavail_basic
152,united_states,25.0,"Kamdyn,Vargas",False,22,aavail_basic
153,united_states,22.0,"Roberto,Everett",False,19,aavail_basic
154,united_states,40.0,"Eduardo,Gould",False,7,aavail_basic
155,singapore,23.0,"Kailyn,Mullen",False,18,aavail_basic
156,united_states,25.0,"Dillon,Hodge",False,22,aavail_basic
157,united_states,26.0,"Arianna,Mullins",True,23,aavail_basic
158,united_states,27.0,"Vanessa,Blackburn",False,25,aavail_premium
159,united_states,19.0,"August,Skinner",True,23,aavail_premium
160,singapore,27.0,"Willa,Lim",True,7,aavail_premium
161,united_states,21.0,"Rogelio,Richardson",False,21,aavail_basic
162,united_states,16.0,"Delilah,Oneal",False,17,aavail_basic
163,united_states,19.0,"Savannah,Peck",False,17,aavail_basic
164,united_states,24.0,"Alejandro,Reynolds",False,20,aavail_premium
165,united_states,56.0,"Maxwell,Solomon",False,17,aavail_premium
166,united_states,20.0,"Karina,Glass",False,17,aavail_basic
167,united_states,22.0,"Tommy,Berg",False,19,aavail_premium
168,united_states,24.0,"Adrien,Morrison",True,19,aavail_basic
169,united_states,22.0,"Julian,Cortez",False,17,aavail_premium
170,singapore,29.0,"Levi,Ellison",False,18,aavail_basic
171,singapore,22.0,"Abby,Mcdowell",False,10,aavail_unlimited
172,united_states,19.0,"Axel,Clayton",False,16,aavail_premium
173,united_states,23.0,"Miller,Leonard",False,5,aavail_premium
174,singapore,17.0,"Gus,Merritt",True,15,aavail_premium
175,singapore,21.0,"Brooke,Paul",False,9,aavail_basic
176,united_states,19.0,"Sebastian,Calhoun",False,21,aavail_basic
177,united_states,22.0,"Clementine,Nelson",False,22,aavail_unlimited
178,united_states,43.0,"Kye,Blevins",False,20,aavail_basic
179,united_states,22.0,"Katherine,Chandler",True,18,aavail_basic
180,united_states,33.0,"Dane,Kennedy",False,20,aavail_premium
181,singapore,41.0,"Donovan,Kent",True,18,aavail_premium
182,united_states,38.0,"Garrett,Beasley",False,18,aavail_unlimited
183,united_states,26.0,"Aileen,Mcintosh",True,17,aavail_basic
184,united_states,28.0,"Legacy,Anthony",False,6,aavail_premium
185,singapore,44.0,"Walker,Jacobson",False,20,aavail_basic
186,united_states,20.0,"Valery,Schultz",False,22,aavail_premium
187,united_states,29.0,"Vivian,Gallagher",False,18,aavail_unlimited
188,united_states,40.0,"Archer,Gilmore",False,25,aavail_premium
189,united_states,35.0,"Jaxton,Woodward",False,22,aavail_premium
190,singapore,21.0,"Jett,Floyd",True,15,aavail_premium
191,united_states,23.0,"Leland,Stein",False,15,aavail_unlimited
192,united_states,25.0,"Khloe,Wade",False,25,aavail_unlimited
193,singapore,35.0,"Charlotte,Patton",False,17,aavail_premium
194,united_states,53.0,"Sabrina,Morales",False,20,aavail_unlimited
195,singapore,30.0,"Wells,Arias",True,18,aavail_unlimited
196,united_states,21.0,"Prince,Hurley",False,20,aavail_premium
197,singapore,44.0,"Marie,Cain",True,18,aavail_basic
198,united_states,18.0,"Ariah,Davenport",True,19,aavail_premium
199,united_states,27.0,"Jewel,Delacruz",False,14,aavail_basic
200,united_states,31.0,"Ezra,Herman",False,19,aavail_unlimited
201,united_states,19.0,"Tinley,Bush",False,19,aavail_premium
202,singapore,22.0,"Malcolm,Reed",False,8,aavail_basic
203,united_states,20.0,"Byron,Gilbert",False,21,aavail_basic
204,united_states,22.0,"Simone,Wheeler",False,8,aavail_basic
205,united_states,44.0,"Alia,Bruce",False,19,aavail_premium
206,singapore,20.0,"Lian,Conrad",True,13,aavail_premium
207,united_states,40.0,"Augustine,Gillespie",False,18,aavail_premium
208,united_states,24.0,"Peyton,Beck",False,18,aavail_basic
209,united_states,23.0,"Omar,Valencia",False,16,aavail_unlimited
210,united_states,21.0,"Micah,Freeman",False,20,aavail_basic
211,united_states,26.0,"Gunner,Marin",False,25,aavail_basic
212,singapore,24.0,"Annabel,Yu",False,12,aavail_unlimited
213,united_states,17.0,"Elisa,Holloway",False,19,aavail_basic
214,singapore,26.0,"Quinton,Dixon",False,12,aavail_basic
215,united_states,24.0,"Henley,Bond",False,25,aavail_basic
216,singapore,41.0,"Braden,Rowe",True,15,aavail_unlimited
217,singapore,27.0,"Graham,Knox",True,17,aavail_unlimited
218,united_states,46.0,"Malia,Quintero",False,23,aavail_unlimited
219,united_states,23.0,"Celine,Hines",False,22,aavail_basic
220,singapore,21.0,"Wren,Whitehead",True,18,aavail_unlimited
221,united_states,22.0,"Avalynn,Higgins",False,21,aavail_premium
222,united_states,25.0,"Colin,Erickson",True,24,aavail_basic
223,united_states,21.0,"Jamari,Gomez",False,25,aavail_unlimited
224,united_states,48.0,"Misael,Riley",False,13,aavail_basic
225,united_states,36.0,"Merrick,Soto",False,17,aavail_basic
226,singapore,22.0,"Ryland,Vincent",False,13,aavail_unlimited
227,singapore,22.0,"Maia,Buchanan",True,8,aavail_unlimited
228,united_states,41.0,"Noe,Whitney",False,16,aavail_premium
229,united_states,20.0,"Dakota,Mclean",False,21,aavail_premium
230,united_states,38.0,"Della,Michael",False,18,aavail_premium
231,united_states,45.0,"Kaylin,Tucker",True,21,aavail_unlimited
232,singapore,40.0,"Xander,Bryan",False,14,aavail_unlimited
233,singapore,21.0,"Desmond,Fox",True,20,aavail_unlimited
234,united_states,24.0,"Greyson,Mcclain",False,17,aavail_basic
235,united_states,27.0,"Dash,Lam",False,16,aavail_basic
236,united_states,24.0,"Brooklynn,Watts",False,16,aavail_basic
237,singapore,41.0,"Alexander,Charles",False,22,aavail_basic
238,united_states,23.0,"Jeremy,Donaldson",False,22,aavail_premium
239,united_states,21.0,"Emory,Saunders",False,18,aavail_basic
240,united_states,39.0,"Maurice,Jarvis",False,16,aavail_premium
241,united_states,40.0,"Mariam,Stephenson",True,25,aavail_unlimited
242,united_states,51.0,"Isabel,Rodriguez",True,21,aavail_premium
243,singapore,55.0,"Zainab,Hood",True,9,aavail_premium
244,united_states,26.0,"Camden,Fitzpatrick",False,13,aavail_basic
245,united_states,24.0,"Joe,Young",False,16,aavail_basic
246,united_states,43.0,"Ariyah,Castaneda",False,20,aavail_basic
247,singapore,21.0,"Harold,Dodson",False,14,aavail_basic
248,singapore,26.0,"Saoirse,Kirk",True,10,aavail_unlimited
249,united_states,24.0,"Kaliyah,Haynes",False,16,aavail_basic
250,united_states,21.0,"Giselle,Mahoney",True,22,aavail_premium
251,singapore,40.0,"Landry,Obrien",True,9,aavail_premium
252,singapore,23.0,"Vivaan,Chan",True,9,aavail_basic
253,united_states,22.0,"Treasure,Hawkins",False,15,aavail_basic
254,united_states,31.0,"Valentin,Lin",False,19,aavail_basic
255,united_states,24.0,"Andre,Randall",False,19,aavail_basic
256,singapore,24.0,"Hayes,Armstrong",True,18,aavail_premium
257,united_states,24.0,"Hadley,Booth",False,16,aavail_premium
258,united_states,31.0,"Kalani,Thomas",False,21,aavail_unlimited
259,singapore,27.0,"Mateo,Dalton",True,6,aavail_premium
260,singapore,23.0,"Dominik,Maddox",True,13,aavail_basic
261,united_states,21.0,"Luna,Parsons",False,21,aavail_unlimited
262,united_states,26.0,"Liana,Schmidt",False,23,aavail_unlimited
263,singapore,22.0,"Mason,Swanson",True,14,aavail_unlimited
264,united_states,36.0,"Luis,Cano",False,25,aavail_premium
265,united_states,20.0,"Linda,Lloyd",True,21,aavail_unlimited
266,united_states,40.0,"Jamie,Stephens",False,14,aavail_basic
267,singapore,19.0,"Delaney,Sexton",True,9,aavail_premium
268,united_states,28.0,"Keily,Hobbs",False,21,aavail_basic
269,united_states,23.0,"Hudson,Ortega",False,21,aavail_premium
270,united_states,37.0,"Taylor,Nguyen",False,24,aavail_premium
271,united_states,20.0,"Chanel,Salazar",False,19,aavail_basic
272,united_states,22.0,"Michelle,Gallegos",False,22,aavail_unlimited
273,united_states,25.0,"Bonnie,Duncan",False,8,aavail_unlimited
274,united_states,22.0,"Laurel,James",False,23,aavail_unlimited
275,united_states,19.0,"Dariel,Esquivel",False,15,aavail_premium
276,united_states,24.0,"Tony,Munoz",False,18,aavail_premium
277,united_states,27.0,"Kallie,Valentine",False,18,aavail_basic
278,united_states,26.0,"Avah,Leblanc",False,17,aavail_basic
279,united_states,21.0,"Remington,Figueroa",True,22,aavail_premium
280,united_states,37.0,"Zaniyah,Maldonado",False,14,aavail_unlimited
281,united_states,50.0,"Arlette,Garner",False,19,aavail_unlimited
282,united_states,41.0,"Mohamed,Fields",False,18,aavail_premium
283,united_states,27.0,"Kash,Dominguez",True,21,aavail_unlimited
284,singapore,24.0,"Jace,Rasmussen",True,22,aavail_unlimited
285,united_states,27.0,"Derrick,Curtis",False,20,aavail_premium
286,united_states,25.0,"Tucker,Juarez",False,19,aavail_premium
287,united_states,18.0,"Jayceon,Horton",False,22,aavail_basic
288,united_states,28.0,"Jon,Rowland",False,23,aavail_unlimited
289,united_states,23.0,"Jesse,Brown",False,21,aavail_premium
290,united_states,24.0,"Curtis,Little",False,23,aavail_basic
291,united_states,42.0,"Jaiden,White",False,12,aavail_premium
292,united_states,18.0,"Aden,Duffy",True,5,aavail_unlimited
293,united_states,24.0,"Eve,Nichols",False,17,aavail_basic
294,united_states,26.0,"Justin,Stafford",False,22,aavail_basic
295,united_states,29.0,"Bishop,Weber",False,19,aavail_unlimited
296,united_states,27.0,"Jeffrey,Phan",False,20,aavail_unlimited
297,united_states,36.0,"Caroline,Brock",False,6,aavail_basic
298,singapore,48.0,"Ariel,Espinoza",True,27,aavail_unlimited
299,united_states,25.0,"Jolie,Guerra",False,20,aavail_premium
300,united_states,40.0,"Israel,Perry",False,22,aavail_premium
301,singapore,38.0,"Jamie,Fisher",True,18,aavail_basic
302,singapore,32.0,"Joziah,Spears",True,16,aavail_basic
303,united_states,41.0,"Bowie,Stevenson",False,21,aavail_unlimited
304,singapore,18.0,"Leila,Quintana",True,12,aavail_unlimited
305,singapore,23.0,"Maleah,Keller",True,20,aavail_basic
306,united_states,21.0,"Alma,Robbins",False,23,aavail_premium
307,united_states,24.0,"Kalel,Daniel",False,17,aavail_premium
308,united_states,38.0,"Otto,Underwood",False,22,aavail_basic
309,united_states,19.0,"Taliyah,Garrett",False,13,aavail_basic
310,united_states,51.0,"Luca,Tran",True,13,aavail_premium
311,singapore,52.0,"Marcel,Medina",False,10,aavail_basic
312,singapore,34.0,"Nova,Flores",True,9,aavail_basic
313,united_states,34.0,"John,Crosby",True,20,aavail_basic
314,singapore,22.0,"Reign,Montes",True,1,aavail_unlimited
315,united_states,21.0,"Rosie,Kramer",False,23,aavail_basic
316,singapore,21.0,"Kamryn,Maynard",True,22,aavail_premium
317,united_states,21.0,"Alaric,Levy",False,15,aavail_premium
318,singapore,23.0,"Ruben,Camacho",False,8,aavail_premium
319,united_states,24.0,"Landon,Ramos",True,19,aavail_unlimited
320,united_states,39.0,"Jonah,Moran",True,22,aavail_basic
321,united_states,16.0,"Alex,Massey",False,21,aavail_basic
322,singapore,16.0,"Amy,Schneider",False,11,aavail_unlimited
323,united_states,22.0,"Rory,York",False,9,aavail_premium
324,united_states,22.0,"Benjamin,Lawson",False,4,aavail_premium
325,united_states,24.0,"Nora,Dunn",False,12,aavail_premium
326,united_states,35.0,"Arielle,Gross",False,12,aavail_premium
327,united_states,21.0,"Finn,Delgado",False,21,aavail_basic
328,united_states,42.0,"Jillian,Rios",True,9,aavail_unlimited
329,united_states,23.0,"Vincenzo,Mckinney",False,19,aavail_premium
330,united_states,39.0,"Dax,Ryan",False,20,aavail_unlimited
331,united_states,23.0,"Keanu,Sullivan",False,21,aavail_basic
332,united_states,21.0,"Emilee,Green",False,20,aavail_premium
333,united_states,26.0,"Caden,Vazquez",False,23,aavail_basic
334,united_states,43.0,"Esteban,Navarro",False,21,aavail_unlimited
335,united_states,24.0,"Titus,Harvey",True,17,aavail_basic
336,singapore,25.0,"Rhys,Schwartz",True,18,aavail_basic
337,singapore,47.0,"Helen,Moss",False,14,aavail_basic
338,united_states,35.0,"Talia,Edwards",False,12,aavail_premium
339,singapore,23.0,"Dawson,Orr",False,18,aavail_basic
340,singapore,46.0,"Yosef,Bentley",True,10,aavail_unlimited
341,singapore,29.0,"Cesar,Barnett",False,18,aavail_basic
342,singapore,25.0,"Atlas,Trejo",False,22,aavail_basic
343,united_states,22.0,"Roger,Reese",False,19,aavail_premium
344,united_states,37.0,"Frank,Warren",True,17,aavail_unlimited
345,united_states,54.0,"Edwin,Frederick",True,21,aavail_basic
346,united_states,25.0,"Ana,Pacheco",False,19,aavail_basic
347,singapore,18.0,"Noemi,Bradford",True,16,aavail_premium
348,united_states,23.0,"Duke,Giles",False,21,aavail_unlimited
349,united_states,51.0,"Kaiser,Santos",False,22,aavail_basic
350,united_states,40.0,"Carly,Norris",False,18,aavail_basic
351,united_states,24.0,"Cedric,Flowers",False,21,aavail_basic
352,united_states,34.0,"Emilia,Odonnell",True,14,aavail_unlimited
353,united_states,34.0,"Iliana,Clements",False,26,aavail_basic
354,united_states,23.0,"Albert,Lowery",False,22,aavail_unlimited
355,united_states,22.0,"Casen,Mccarty",False,22,aavail_unlimited
356,united_states,20.0,"Emmalyn,Moses",False,25,aavail_premium
357,united_states,21.0,"Miguel,Lu",False,19,aavail_unlimited
358,singapore,23.0,"Jude,Mcbride",True,11,aavail_basic
359,united_states,20.0,"Irene,Durham",False,20,aavail_premium
360,united_states,46.0,"Markus,Mcguire",False,18,aavail_basic
361,united_states,28.0,"Fernando,Serrano",False,12,aavail_unlimited
362,united_states,15.0,"Rowan,Moyer",False,17,aavail_unlimited
363,united_states,22.0,"Isaiah,Herrera",False,22,aavail_premium
364,united_states,23.0,"Trace,King",False,21,aavail_basic
365,united_states,25.0,"Angel,Hurst",True,17,aavail_unlimited
366,singapore,20.0,"Enrique,Palacios",True,13,aavail_premium
367,singapore,26.0,"Lennox,Dudley",True,10,aavail_unlimited
368,united_states,19.0,"Louisa,Lester",False,25,aavail_unlimited
369,united_states,21.0,"Bryson,Mayo",False,17,aavail_basic
370,singapore,25.0,"Charles,Tanner",False,15,aavail_unlimited
371,singapore,40.0,"Camilo,Monroe",False,14,aavail_premium
372,united_states,26.0,"Mohammed,Farley",True,23,aavail_basic
373,united_states,19.0,"Tristian,Hail",False,15,aavail_basic
374,united_states,47.0,"Aliya,Hardin",False,9,aavail_unlimited
375,united_states,31.0,"Daniel,Dickson",True,22,aavail_premium
376,united_states,20.0,"Julius,Leacock",False,20,aavail_basic
377,united_states,54.0,"Zariyah,Velazquez",False,19,aavail_premium
378,united_states,19.0,"Lorenzo,Magana",False,22,aavail_premium
379,united_states,24.0,"Mya,Humphrey",True,17,aavail_premium
380,united_states,36.0,"Arthur,Dyer",False,17,aavail_basic
381,united_states,34.0,"Arian,Cobb",False,18,aavail_unlimited
382,united_states,42.0,"Elizabeth,Baxter",False,13,aavail_basic
383,united_states,22.0,"Gabriella,Stanton",False,20,aavail_basic
384,united_states,22.0,"Dayana,Petersen",False,24,aavail_premium
385,singapore,25.0,"Vienna,Hoover",True,11,aavail_unlimited
386,united_states,18.0,"Egypt,Carr",False,20,aavail_premium
387,united_states,18.0,"Keith,Burgess",False,19,aavail_basic
388,united_states,21.0,"Jaxtyn,Galindo",False,18,aavail_unlimited
389,united_states,48.0,"Jada,Scott",False,15,aavail_premium
390,singapore,26.0,"Kaiya,Hutchinson",False,13,aavail_unlimited
391,singapore,21.0,"Kaylee,Acevedo",False,11,aavail_basic
392,united_states,28.0,"Bryce,Morrow",False,20,aavail_premium
393,united_states,27.0,"Gatlin,Mack",False,3,aavail_premium
394,singapore,24.0,"Selena,Shaffer",True,10,aavail_unlimited
395,singapore,24.0,"Caleb,Fleming",True,21,aavail_basic
396,united_states,24.0,"Liliana,Morse",False,17,aavail_premium
397,singapore,23.0,"Eleanor,Huffman",False,15,aavail_basic
398,singapore,35.0,"Emanuel,Oneill",True,13,aavail_unlimited
399,united_states,40.0,"Arabella,Hampton",False,18,aavail_unlimited
400,united_states,22.0,"Siena,Watson",False,21,aavail_premium
401,singapore,22.0,"Brodie,Hill",False,16,aavail_premium
402,united_states,49.0,"Joanna,Rivers",False,22,aavail_basic
403,united_states,31.0,"Ben,Sanders",False,21,aavail_unlimited
404,singapore,20.0,"Ember,Mcdaniel",False,10,aavail_premium
405,united_states,42.0,"Eugene,Koch",False,25,aavail_unlimited
406,singapore,15.0,"Greta,Greer",False,22,aavail_unlimited
407,united_states,38.0,"Camdyn,Pugh",False,19,aavail_premium
408,united_states,42.0,"Gary,Gibbs",True,14,aavail_unlimited
409,united_states,26.0,"Lilian,Larson",True,25,aavail_premium
410,united_states,45.0,"Gunnar,Powers",False,12,aavail_unlimited
411,united_states,23.0,"Brecken,Alfaro",True,22,aavail_premium
412,singapore,42.0,"Carolyn,Fowler",False,21,aavail_premium
413,singapore,23.0,"Nadia,Coleman",True,18,aavail_basic
414,united_states,35.0,"Ahmad,Dougherty",False,21,aavail_unlimited
415,united_states,24.0,"Alianna,Schaefer",False,23,aavail_premium
416,united_states,21.0,"Jacoby,Cherry",False,16,aavail_unlimited
417,united_states,20.0,"Jensen,Meadows",False,13,aavail_basic
418,united_states,38.0,"Remington,Rojas",False,18,aavail_basic
419,united_states,50.0,"Rebekah,Graves",False,22,aavail_basic
420,united_states,42.0,"Jazmine,Zhang",False,17,aavail_premium
421,united_states,46.0,"Sarah,Mcmillan",False,20,aavail_basic
422,singapore,22.0,"Leia,Macias",True,6,aavail_premium
423,singapore,27.0,"Erick,Kane",False,20,aavail_basic
424,singapore,19.0,"Jamal,Wolfe",True,15,aavail_premium
425,singapore,15.0,"Myles,Barr",True,16,aavail_basic
426,united_states,21.0,"Dangelo,Douglas",False,20,aavail_premium
427,singapore,26.0,"Case,Stout",False,19,aavail_basic
428,united_states,18.0,"Melissa,Cameron",False,24,aavail_basic
429,singapore,18.0,"Nathan,Ruiz",True,22,aavail_basic
430,singapore,24.0,"Cameron,Becker",True,6,aavail_unlimited
431,united_states,31.0,"Houston,Benton",False,8,aavail_unlimited
432,united_states,43.0,"Kiana,Craig",False,14,aavail_unlimited
433,singapore,46.0,"Alison,Cline",True,17,aavail_basic
434,united_states,39.0,"Cullen,Daniels",False,19,aavail_unlimited
435,united_states,19.0,"Lawrence,Buck",False,20,aavail_unlimited
436,united_states,19.0,"Jaylene,Barry",True,25,aavail_unlimited
437,singapore,36.0,"Cassius,Finley",True,19,aavail_basic
438,singapore,23.0,"Milena,Melendez",True,28,aavail_unlimited
439,united_states,27.0,"Maggie,Glenn",False,19,aavail_premium
440,singapore,21.0,"Nolan,Salas",False,21,aavail_premium
441,singapore,18.0,"Ricardo,Howell",False,22,aavail_unlimited
442,united_states,24.0,"Judith,Hunt",False,19,aavail_basic
443,united_states,24.0,"Alvin,Cooper",False,18,aavail_basic
444,united_states,28.0,"Adrian,Roth",False,16,aavail_premium
445,united_states,25.0,"Adeline,Mcfarland",False,22,aavail_basic
446,united_states,25.0,"Iris,Hernandez",False,20,aavail_basic
447,united_states,46.0,"Kimber,Roberts",False,20,aavail_unlimited
448,singapore,22.0,"Raina,Ayala",False,13,aavail_basic
449,united_states,30.0,"Moshe,Mccormick",False,22,aavail_unlimited
450,united_states,48.0,"Kase,Watkins",False,15,aavail_premium
451,singapore,22.0,"Helena,Garrison",False,19,aavail_basic
452,united_states,21.0,"Ace,Crane",False,23,aavail_unlimited
453,singapore,28.0,"George,Butler",True,12,aavail_unlimited
454,singapore,19.0,"Mallory,Wilcox",True,7,aavail_basic
455,united_states,17.0,"Nehemiah,Bravo",False,14,aavail_premium
456,united_states,36.0,"Tadeo,Davis",True,12,aavail_basic
457,united_states,23.0,"Kellen,Castillo",False,18,aavail_premium
458,united_states,23.0,"Kevin,Garcia",False,11,aavail_premium
459,singapore,21.0,"Noah,Vaughan",False,10,aavail_basic
460,united_states,26.0,"Damien,Berry",False,19,aavail_unlimited
461,singapore,19.0,"Nixon,Perkins",False,8,aavail_basic
462,united_states,22.0,"Malaya,Tang",False,24,aavail_premium
463,united_states,21.0,"Raelyn,Acosta",False,17,aavail_basic
464,united_states,20.0,"Asa,Pierce",False,18,aavail_unlimited
465,united_states,23.0,"Amanda,Cox",False,8,aavail_unlimited
466,united_states,26.0,"Ridge,Christian",False,22,aavail_premium
467,singapore,38.0,"Kylo,Kaur",True,22,aavail_basic
468,singapore,29.0,"Kayla,Bennett",True,11,aavail_unlimited
469,united_states,25.0,"Atticus,Morris",False,18,aavail_basic
470,united_states,15.0,"Catalina,Arroyo",False,13,aavail_premium
471,united_states,40.0,"Kamari,Waller",False,19,aavail_premium
472,singapore,23.0,"Nancy,Webster",False,19,aavail_basic
473,united_states,23.0,"Ali,Rivera",True,20,aavail_unlimited
474,singapore,51.0,"Alondra,Middleton",False,11,aavail_basic
475,singapore,44.0,"Braylen,Compton",True,13,aavail_unlimited
476,united_states,26.0,"Evelynn,Stewart",False,22,aavail_premium
477,united_states,24.0,"Emmitt,Hoffman",False,17,aavail_unlimited
478,singapore,33.0,"Bobby,Anderson",False,12,aavail_basic
479,united_states,40.0,"Ivanna,Owen",False,23,aavail_unlimited
480,singapore,40.0,"Maddux,Liu",False,18,aavail_unlimited
481,singapore,27.0,"Regina,Quinn",True,8,aavail_unlimited
482,united_states,24.0,"Raquel,Walls",False,21,aavail_premium
483,united_states,28.0,"Kendall,Gordon",False,11,aavail_premium
484,singapore,34.0,"Sierra,Whitaker",True,4,aavail_premium
485,singapore,22.0,"Angelo,Santiago",False,15,aavail_basic
486,singapore,22.0,"Averie,Delarosa",False,17,aavail_premium
487,united_states,40.0,"Bentley,Terry",False,16,aavail_unlimited
488,singapore,24.0,"Henrik,Pearson",True,15,aavail_unlimited
489,singapore,39.0,"Pearl,Wood",True,5,aavail_unlimited
490,singapore,21.0,"Kelsey,Jones",True,13,aavail_premium
491,singapore,21.0,"Terrell,Burch",True,19,aavail_basic
492,united_states,21.0,"Alaina,Hull",False,21,aavail_premium
493,singapore,38.0,"Maverick,Wang",False,7,aavail_premium
494,singapore,21.0,"Quincy,Nunez",True,13,aavail_premium
495,united_states,25.0,"Oscar,Black",True,26,aavail_premium
496,united_states,39.0,"Achilles,Lang",False,21,aavail_basic
497,united_states,17.0,"Deacon,Porter",False,21,aavail_unlimited
498,singapore,18.0,"Romeo,Campbell",False,16,aavail_basic
499,united_states,28.0,"Eloise,Hendricks",False,27,aavail_premium
500,united_states,21.0,"Hayley,Harrell",False,19,aavail_unlimited
501,united_states,23.0,"Madelynn,Conley",False,19,aavail_premium
502,united_states,19.0,"Nelson,Avalos",False,20,aavail_basic
503,singapore,23.0,"Silas,Bass",True,11,aavail_basic
504,singapore,21.0,"Amora,Phillips",False,19,aavail_basic
505,singapore,18.0,"Alejandra,Wilkins",False,10,aavail_basic
506,singapore,27.0,"Genesis,Yoder",False,20,aavail_basic
507,singapore,27.0,"Skylar,Rosario",True,15,aavail_basic
508,united_states,23.0,"Ariana,Waters",False,17,aavail_basic
509,united_states,26.0,"Amaia,Zavala",True,23,aavail_unlimited
510,united_states,29.0,"Josephine,Bartlett",False,16,aavail_basic
511,united_states,25.0,"Maddison,Cohen",False,18,aavail_premium
512,united_states,50.0,"Kade,Norman",False,20,aavail_premium
513,united_states,24.0,"Claire,Brandt",False,24,aavail_basic
514,united_states,39.0,"Hadassah,Barker",False,19,aavail_basic
515,singapore,41.0,"Andres,Barrera",False,16,aavail_basic
516,united_states,24.0,"Abdiel,Wu",False,20,aavail_basic
517,singapore,24.0,"Cyrus,Case",True,18,aavail_premium
518,singapore,22.0,"Amia,Gregory",True,19,aavail_basic
519,united_states,41.0,"Harlee,Davidson",False,17,aavail_basic
520,united_states,22.0,"Leandro,Ibarra",False,18,aavail_basic
521,united_states,24.0,"Fabian,Fuentes",False,16,aavail_premium
522,united_states,22.0,"Brayden,Oconnell",False,16,aavail_unlimited
523,singapore,38.0,"Zara,Sanchez",False,20,aavail_basic
524,united_states,41.0,"Malaysia,Callahan",False,4,aavail_premium
525,united_states,22.0,"Cameron,Hale",False,18,aavail_unlimited
526,singapore,23.0,"Thaddeus,Spencer",False,19,aavail_basic
527,united_states,26.0,"Jayce,Logan",False,17,aavail_basic
528,singapore,20.0,"Gabriel,Hughes",True,5,aavail_premium
529,united_states,41.0,"Jericho,Mata",False,21,aavail_unlimited
530,singapore,24.0,"Virginia,Peralta",True,21,aavail_unlimited
531,united_states,25.0,"Oakley,Mcdonald",False,19,aavail_premium
532,united_states,24.0,"Jimena,Wilkinson",False,19,aavail_premium
533,singapore,41.0,"Ella,Daugherty",False,17,aavail_basic
534,united_states,36.0,"Jason,Salinas",False,21,aavail_premium
535,united_states,21.0,"Ryann,Briggs",False,20,aavail_basic
536,united_states,40.0,"Heidi,Andrade",False,17,aavail_unlimited
537,united_states,18.0,"Queen,Farrell",False,17,aavail_unlimited
538,united_states,25.0,"Hendrix,Wyatt",False,24,aavail_basic
539,singapore,24.0,"Emory,Schmitt",True,8,aavail_unlimited
540,united_states,26.0,"Ryan,Ward",False,22,aavail_basic
541,united_states,21.0,"Sarai,Parrish",False,15,aavail_basic
542,united_states,46.0,"Whitley,Ware",False,17,aavail_premium
543,singapore,25.0,"Jameson,Matthews",True,14,aavail_unlimited
544,united_states,26.0,"Mariana,Shields",True,18,aavail_premium
545,united_states,23.0,"Kara,Jaramillo",True,18,aavail_basic
546,united_states,24.0,"Knox,Payne",False,22,aavail_unlimited
547,united_states,40.0,"Cayden,Pitts",False,20,aavail_basic
548,united_states,24.0,"Alyssa,Costa",False,20,aavail_basic
549,singapore,21.0,"Solomon,Murillo",True,16,aavail_unlimited
550,united_states,41.0,"Miah,Sawyer",True,21,aavail_basic
551,united_states,25.0,"Josue,Casey",True,9,aavail_unlimited
552,singapore,28.0,"Kadence,Johnston",True,17,aavail_basic
553,united_states,23.0,"Harrison,Byrd",False,20,aavail_basic
554,united_states,19.0,"Alec,Kerr",True,24,aavail_premium
555,united_states,42.0,"Rose,Potter",False,19,aavail_unlimited
556,united_states,44.0,"Kaleb,Newman",False,20,aavail_unlimited
557,united_states,21.0,"Phoenix,Medrano",False,22,aavail_premium
558,united_states,43.0,"Terry,Vu",True,13,aavail_basic
559,singapore,18.0,"Luella,Thornton",False,16,aavail_basic
560,united_states,27.0,"Jaylee,Mercado",False,14,aavail_unlimited
561,united_states,25.0,"Sara,Singleton",True,22,aavail_unlimited
562,united_states,21.0,"Kylan,Savage",False,22,aavail_unlimited
563,united_states,19.0,"Watson,Moody",True,21,aavail_basic
564,united_states,21.0,"Anson,Diaz",False,21,aavail_unlimited
565,united_states,40.0,"Bo,Allen",False,21,aavail_unlimited
566,united_states,21.0,"Cain,Glover",False,19,aavail_basic
567,united_states,22.0,"Koda,Chang",False,20,aavail_basic
568,united_states,23.0,"Zayn,Aguilar",False,22,aavail_basic
569,united_states,27.0,"Nathalie,Horn",True,13,aavail_premium
570,united_states,20.0,"Aron,Sosa",False,14,aavail_basic
571,united_states,18.0,"Santino,Haley",True,20,aavail_premium
572,united_states,36.0,"Genevieve,Bullock",True,23,aavail_unlimited
573,singapore,20.0,"Chris,Pennington",False,17,aavail_unlimited
574,singapore,23.0,"Khaleesi,Crawford",True,15,aavail_premium
575,united_states,21.0,"Scarlette,Hamilton",False,22,aavail_basic
576,united_states,22.0,"Mae,Willis",False,19,aavail_basic
577,singapore,22.0,"James,Prince",True,16,aavail_unlimited
578,united_states,34.0,"Milani,Mann",True,17,aavail_unlimited
579,united_states,26.0,"Elias,Dennis",False,15,aavail_premium
580,singapore,21.0,"Avery,Holmes",True,12,aavail_unlimited
581,singapore,22.0,"Guillermo,Pratt",False,20,aavail_basic
582,united_states,25.0,"Tatiana,Abbott",False,15,aavail_unlimited
583,united_states,20.0,"Mathias,Mills",False,21,aavail_premium
584,united_states,47.0,"Liam,Taylor",False,4,aavail_unlimited
585,united_states,24.0,"Lea,Weeks",False,15,aavail_premium
586,united_states,45.0,"Trey,Cervantes",False,14,aavail_basic
587,united_states,24.0,"Jeremias,Castro",False,21,aavail_unlimited
588,united_states,45.0,"Matias,Velasquez",False,24,aavail_basic
589,united_states,23.0,"Milan,Raymond",False,22,aavail_unlimited
590,united_states,20.0,"Zachariah,Zuniga",False,22,aavail_basic
591,united_states,27.0,"Yahir,Harding",False,21,aavail_basic
592,united_states,46.0,"Aubrey,Meyers",False,8,aavail_premium
593,united_states,30.0,"Kairo,Golden",False,18,aavail_basic
594,united_states,23.0,"Martin,Baker",False,23,aavail_basic
595,singapore,20.0,"Dream,Esparza",True,21,aavail_premium
596,united_states,40.0,"Maximus,Turner",False,18,aavail_unlimited
597,united_states,23.0,"Hazel,Alexander",False,21,aavail_premium
598,united_states,37.0,"Leroy,Carter",False,25,aavail_unlimited
599,united_states,26.0,"Joaquin,Keith",False,19,aavail_premium
600,singapore,21.0,"Walter,French",False,11,aavail_unlimited
601,singapore,23.0,"Wilson,Henson",False,18,aavail_basic
602,united_states,35.0,"Juan,Mckee",False,10,aavail_unlimited
603,singapore,24.0,"Shiloh,Carlson",True,10,aavail_unlimited
604,united_states,34.0,"Jefferson,Roy",False,25,aavail_premium
605,united_states,27.0,"Briar,Vaughn",False,14,aavail_basic
606,united_states,25.0,"King,Gaines",False,20,aavail_basic
607,united_states,25.0,"Kolton,Harmon",False,20,aavail_premium
608,united_states,21.0,"Amos,Dorsey",False,21,aavail_basic
609,united_states,48.0,"Sam,Bridges",False,18,aavail_unlimited
610,singapore,38.0,"Ayla,Henry",True,7,aavail_unlimited
611,united_states,47.0,"Konnor,Chambers",False,19,aavail_unlimited
612,united_states,40.0,"Estella,Ramirez",False,23,aavail_basic
613,united_states,24.0,"June,Williams",False,22,aavail_basic
614,united_states,21.0,"Juelz,Wong",False,20,aavail_premium
615,singapore,37.0,"Nova,Montgomery",False,9,aavail_basic
616,singapore,26.0,"Amani,Felix",True,23,aavail_unlimited
617,united_states,33.0,"Moises,Wagner",False,21,aavail_basic
618,singapore,37.0,"Joshua,Woodard",True,22,aavail_premium
619,united_states,26.0,"Alice,Montoya",True,21,aavail_premium
620,united_states,50.0,"Evie,Mason",False,20,aavail_basic
621,united_states,25.0,"Isaac,Buckley",False,19,aavail_basic
622,singapore,22.0,"Hayden,Shannon",False,13,aavail_basic
623,united_states,22.0,"Callen,Villegas",False,9,aavail_unlimited
624,united_states,28.0,"Zakai,Jimenez",False,20,aavail_unlimited
625,singapore,22.0,"Karter,Simon",True,13,aavail_unlimited
626,singapore,26.0,"Charlie,Elliott",False,16,aavail_basic
627,united_states,34.0,"Francis,Cuevas",False,16,aavail_unlimited
628,united_states,54.0,"Ruby,Fischer",False,25,aavail_unlimited
629,united_states,23.0,"Jesiah,Chapman",False,24,aavail_unlimited
630,united_states,22.0,"Davis,Pena",False,19,aavail_unlimited
631,singapore,36.0,"Yareli,Person",True,14,aavail_basic
632,singapore,18.0,"Holly,Sloan",True,8,aavail_basic
633,singapore,24.0,"Killian,Hahn",True,18,aavail_unlimited
634,singapore,23.0,"Reign,Pineda",False,16,aavail_unlimited
635,united_states,28.0,"Phillip,Zamora",False,25,aavail_unlimited
636,singapore,20.0,"Jadiel,Lucero",True,18,aavail_unlimited
637,united_states,45.0,"Holden,Osborne",False,10,aavail_basic
638,united_states,29.0,"Frederick,Andersen",True,22,aavail_basic
639,united_states,24.0,"Fisher,Padilla",False,23,aavail_unlimited
640,singapore,23.0,"Johan,Beard",True,14,aavail_unlimited
641,singapore,21.0,"Boone,Larsen",False,11,aavail_unlimited
642,singapore,24.0,"Payton,Coffey",False,24,aavail_premium
643,singapore,40.0,"Azariah,Mathews",True,11,aavail_premium
644,united_states,39.0,"Diego,Mueller",False,20,aavail_unlimited
645,singapore,24.0,"Brycen,Hogan",True,12,aavail_unlimited
646,singapore,33.0,"Jaycee,Powell",True,22,aavail_basic
647,singapore,40.0,"Karson,Johns",False,12,aavail_unlimited
648,united_states,34.0,"Addisyn,George",True,22,aavail_premium
649,united_states,26.0,"Aylin,Wiley",False,18,aavail_unlimited
650,singapore,20.0,"Patrick,Robertson",True,8,aavail_basic
651,united_states,27.0,"Terrence,House",False,19,aavail_premium
652,singapore,23.0,"Ivan,Andrews",True,19,aavail_premium
653,united_states,25.0,"Caspian,Beltran",False,18,aavail_premium
654,united_states,22.0,"Estrella,Aguirre",False,21,aavail_premium
655,united_states,31.0,"Alessandro,Calderon",False,19,aavail_premium
656,united_states,42.0,"Stanley,Morton",False,16,aavail_premium
657,united_states,37.0,"Alberto,Combs",True,20,aavail_premium
658,singapore,20.0,"Shepherd,Kelley",False,17,aavail_premium
659,singapore,23.0,"Molly,Rose",False,20,aavail_basic
660,singapore,24.0,"Julien,Mccullough",True,10,aavail_unlimited
661,united_states,19.0,"Owen,David",False,17,aavail_premium
662,united_states,25.0,"Rayna,Huff",False,22,aavail_basic
663,united_states,26.0,"Adalyn,Roman",False,12,aavail_premium
664,united_states,21.0,"Mario,Rodgers",False,18,aavail_basic
665,united_states,51.0,"Dustin,Ford",False,21,aavail_unlimited
666,united_states,20.0,"Larry,Dunlap",False,18,aavail_unlimited
667,united_states,47.0,"Bradley,Pittman",False,19,aavail_premium
668,united_states,22.0,"Ezra,Lozano",False,21,aavail_unlimited
669,singapore,23.0,"Franco,Kirby",True,14,aavail_premium
670,united_states,22.0,"Weston,Sweeney",False,16,aavail_unlimited
671,united_states,23.0,"Melvin,Hensley",False,16,aavail_unlimited
672,united_states,23.0,"Kyla,Olson",False,23,aavail_basic
673,united_states,18.0,"Rex,Bates",True,17,aavail_premium
674,united_states,19.0,"Sean,Reeves",False,18,aavail_unlimited
675,united_states,15.0,"Blake,Mendoza",False,24,aavail_unlimited
676,singapore,26.0,"Dana,Frye",True,14,aavail_premium
677,united_states,51.0,"Quentin,Knight",False,23,aavail_basic
678,singapore,23.0,"Grady,Day",True,12,aavail_premium
679,united_states,37.0,"Kamiyah,Myers",False,19,aavail_premium
680,united_states,26.0,"Edith,Guzman",False,17,aavail_unlimited
681,united_states,42.0,"Bailee,Greene",False,18,aavail_basic
682,united_states,25.0,"Cory,Doyle",False,20,aavail_premium
683,singapore,20.0,"Draven,Summers",False,14,aavail_basic
684,united_states,22.0,"Paisley,Lamb",False,22,aavail_premium
685,singapore,39.0,"Destiny,Barajas",True,8,aavail_premium
686,united_states,24.0,"Zaiden,Meza",False,21,aavail_unlimited
687,united_states,21.0,"Henry,Richmond",False,19,aavail_unlimited
688,singapore,18.0,"Reed,Huerta",True,20,aavail_unlimited
689,united_states,42.0,"Brynleigh,Wall",False,5,aavail_premium
690,singapore,42.0,"Imran,Lopez",False,13,aavail_premium
691,singapore,28.0,"Ulises,Cannon",True,19,aavail_basic
692,singapore,27.0,"Lennon,Hodges",False,18,aavail_premium
693,singapore,22.0,"Jaziel,Estes",True,16,aavail_unlimited
694,united_states,25.0,"Darius,Peters",False,23,aavail_premium
695,united_states,41.0,"Tobias,Winters",False,20,aavail_premium
696,singapore,22.0,"Evangeline,Robinson",True,23,aavail_premium
697,singapore,20.0,"Alexzander,Novak",True,8,aavail_unlimited
698,singapore,27.0,"Leonidas,Ochoa",True,10,aavail_unlimited
699,united_states,41.0,"Jamir,Wilkerson",False,20,aavail_unlimited
700,united_states,18.0,"Wesson,Ramsey",False,23,aavail_premium
701,united_states,22.0,"Vincent,Stone",False,17,aavail_unlimited
702,united_states,23.0,"Karter,Wilson",False,23,aavail_basic
703,united_states,28.0,"Shepard,Hunter",False,7,aavail_premium
704,singapore,26.0,"Jeffery,Heath",True,17,aavail_unlimited
705,united_states,18.0,"Aldo,Hess",True,20,aavail_premium
706,united_states,23.0,"Colette,Sellers",False,22,aavail_premium
707,singapore,25.0,"Memphis,Huang",True,20,aavail_basic
708,united_states,43.0,"Lucy,Ingram",False,21,aavail_unlimited
709,united_states,44.0,"Demetrius,Martinez",False,14,aavail_basic
710,united_states,23.0,"Mckenzie,Kelly",False,19,aavail_premium
711,united_states,49.0,"Juniper,Walton",False,19,aavail_basic
712,united_states,22.0,"Mathew,Ballard",False,12,aavail_premium
713,united_states,25.0,"Porter,Thompson",False,18,aavail_unlimited
714,singapore,18.0,"Lincoln,Meyer",True,18,aavail_premium
715,united_states,21.0,"Troy,Corona",False,19,aavail_basic
716,united_states,24.0,"Hadlee,Walker",True,21,aavail_basic
717,united_states,25.0,"Renata,Fuller",True,25,aavail_premium
718,united_states,23.0,"Etta,Joseph",True,23,aavail_premium
719,singapore,22.0,"Emmett,Evans",True,18,aavail_basic
720,singapore,23.0,"Mylah,Cummings",False,20,aavail_premium
721,singapore,25.0,"Violet,Duke",True,21,aavail_basic
722,united_states,23.0,"Samir,Mclaughlin",False,20,aavail_premium
723,singapore,43.0,"Zander,Cisneros",True,12,aavail_premium
724,singapore,40.0,"Lylah,Sandoval",True,16,aavail_unlimited
725,united_states,19.0,"Conner,Stanley",False,13,aavail_basic
726,singapore,19.0,"Leona,Beil",False,17,aavail_basic
727,singapore,19.0,"Bruce,Carpenter",True,17,aavail_unlimited
728,united_states,47.0,"Kennedi,Galvan",False,22,aavail_premium
729,united_states,27.0,"Briggs,Clark",False,20,aavail_premium
730,united_states,24.0,"Zev,Cochran",False,17,aavail_basic
731,united_states,23.0,"Lyric,Boone",False,17,aavail_premium
732,united_states,22.0,"Aiyana,Carroll",False,13,aavail_basic
733,singapore,21.0,"Kelly,Goodman",False,2,aavail_basic
734,united_states,27.0,"Augustus,Walsh",False,18,aavail_unlimited
735,united_states,26.0,"Dante,Avery",False,21,aavail_premium
736,united_states,29.0,"Ariel,Ball",True,25,aavail_basic
737,united_states,38.0,"Armando,Portillo",False,22,aavail_unlimited
738,singapore,35.0,"Marley,Bernal",True,20,aavail_premium
739,united_states,21.0,"Mark,Knapp",False,22,aavail_unlimited
740,singapore,26.0,"Layne,Wolf",True,17,aavail_premium
741,united_states,23.0,"Enoch,Brady",False,15,aavail_basic
742,united_states,41.0,"Otis,Hopkins",False,19,aavail_unlimited
743,united_states,22.0,"Bristol,Strong",False,23,aavail_basic
744,singapore,28.0,"Mustafa,Kemp",True,4,aavail_unlimited
745,united_states,27.0,"Arturo,Barron",False,21,aavail_unlimited
746,singapore,23.0,"Justice,Dawson",True,20,aavail_unlimited
747,united_states,24.0,"Lochlan,Guevara",True,17,aavail_unlimited
748,united_states,24.0,"Colson,Mendez",False,15,aavail_premium
749,singapore,18.0,"Nevaeh,Warner",True,18,aavail_unlimited
750,united_states,24.0,"Heavenly,Herring",False,2,aavail_unlimited
751,united_states,21.0,"Angel,Rogers",True,17,aavail_unlimited
752,united_states,49.0,"Ruth,Pope",False,18,aavail_unlimited
753,united_states,19.0,"Aubree,Nixon",False,22,aavail_unlimited
754,united_states,40.0,"Roman,Wallace",False,17,aavail_unlimited
755,united_states,21.0,"Alfonso,Chavez",False,24,aavail_premium
756,united_states,21.0,"Amiya,Shah",True,21,aavail_basic
757,united_states,26.0,"Lorelei,Hall",False,17,aavail_premium
758,united_states,20.0,"Anderson,Yang",False,16,aavail_unlimited
759,united_states,43.0,"Jane,Mcmahon",True,22,aavail_basic
760,united_states,21.0,"Meghan,Conway",True,19,aavail_unlimited
761,singapore,24.0,"Heath,Valenzuela",True,27,aavail_unlimited
762,singapore,19.0,"Alvaro,Steele",True,15,aavail_premium
763,united_states,21.0,"Devon,Branch",False,19,aavail_basic
764,united_states,18.0,"Celeste,Holt",False,16,aavail_basic
765,singapore,42.0,"Amari,Griffith",True,11,aavail_premium
766,united_states,49.0,"Maximiliano,Singh",False,23,aavail_premium
767,united_states,26.0,"Elliot,Mccarthy",False,19,aavail_basic
768,united_states,22.0,"Mina,Jensen",True,16,aavail_basic
769,united_states,23.0,"Spencer,Yates",False,16,aavail_basic
770,united_states,26.0,"Alani,Correa",False,23,aavail_basic
771,united_states,21.0,"River,Marks",False,10,aavail_unlimited
772,united_states,21.0,"Aaliyah,Duarte",False,22,aavail_premium
773,united_states,20.0,"Kason,Chung",False,17,aavail_unlimited
774,united_states,20.0,"Damon,Boyer",False,9,aavail_basic
775,singapore,20.0,"Opal,Jacobs",False,10,aavail_premium
776,singapore,22.0,"Talon,Hayes",False,8,aavail_basic
777,united_states,22.0,"Lawson,Vo",False,22,aavail_premium
778,singapore,24.0,"Paige,Bryant",False,16,aavail_unlimited
779,united_states,30.0,"Kehlani,Ferguson",False,22,aavail_premium
780,united_states,20.0,"Ellianna,Gates",True,12,aavail_unlimited
781,united_states,24.0,"Kassidy,Macdonald",False,23,aavail_premium
782,united_states,24.0,"Jose,Harrison",False,22,aavail_unlimited
783,united_states,42.0,"Iker,Berger",False,15,aavail_basic
784,united_states,22.0,"Cristiano,Smith",False,24,aavail_basic
785,united_states,20.0,"Rhett,Leal",False,22,aavail_premium
786,singapore,23.0,"Blake,Harris",False,21,aavail_basic
787,united_states,48.0,"Jake,Banks",False,16,aavail_basic
788,united_states,40.0,"Zaire,Cook",False,21,aavail_premium
789,united_states,22.0,"Christopher,Hendrix",False,22,aavail_basic
790,united_states,35.0,"Mercy,Tapia",False,14,aavail_basic
791,singapore,37.0,"Kenzo,Pollard",True,22,aavail_unlimited
792,singapore,38.0,"Clyde,Caldwell",False,14,aavail_basic
793,united_states,24.0,"Kamden,Barton",False,23,aavail_unlimited
794,united_states,28.0,"Aria,Vasquez",False,22,aavail_premium
795,singapore,23.0,"Sullivan,Mccall",True,14,aavail_premium
796,united_states,37.0,"Monroe,Oliver",False,21,aavail_unlimited
797,united_states,21.0,"Brianna,Pham",False,20,aavail_premium
798,united_states,20.0,"Axton,Jackson",False,15,aavail_premium
799,united_states,20.0,"Cecelia,Odom",False,20,aavail_premium
800,united_states,40.0,"Celia,Brewer",False,14,aavail_unlimited
801,singapore,50.0,"Kora,Snow",True,17,aavail_unlimited
802,united_states,19.0,"Emilio,Cruz",False,19,aavail_basic
803,united_states,37.0,"Sterling,Lucas",False,21,aavail_premium
804,united_states,26.0,"Autumn,Rich",False,22,aavail_basic
805,united_states,38.0,"Koa,Villarreal",False,18,aavail_unlimited
806,singapore,16.0,"Dylan,Potts",True,21,aavail_premium
807,united_states,24.0,"Kinley,Hancock",False,18,aavail_basic
808,singapore,44.0,"Aspen,Gardner",False,13,aavail_premium
809,united_states,20.0,"Jamison,Hansen",True,13,aavail_basic
810,united_states,40.0,"Andy,Le",False,25,aavail_unlimited
811,singapore,21.0,"Paola,Cole",False,13,aavail_basic
812,singapore,20.0,"Frankie,Molina",True,23,aavail_basic
813,singapore,26.0,"Wyatt,Nielsen",False,17,aavail_basic
814,united_states,23.0,"Daisy,Olsen",False,23,aavail_unlimited
815,singapore,24.0,"Kylee,Dillon",True,18,aavail_basic
816,united_states,27.0,"Onyx,Vang",False,20,aavail_basic
817,united_states,23.0,"Eli,Duran",True,20,aavail_premium
818,united_states,19.0,"Elliott,Perez",False,20,aavail_premium
819,united_states,33.0,"Rey,Farmer",True,19,aavail_unlimited
820,united_states,41.0,"Elian,Simmons",False,22,aavail_unlimited
821,singapore,22.0,"Ashlynn,Ahmed",True,19,aavail_basic
822,singapore,39.0,"Issac,Marquez",True,16,aavail_unlimited
823,united_states,21.0,"Ignacio,Brennan",False,17,aavail_premium
824,singapore,21.0,"Nathaniel,Strickland",False,17,aavail_premium
825,united_states,47.0,"Reece,Gonzalez",False,15,aavail_basic
826,singapore,35.0,"Kinsley,Rollins",False,20,aavail_basic
827,united_states,23.0,"Xzavier,Campos",False,23,aavail_basic
828,singapore,46.0,"Will,Gentry",False,16,aavail_basic
829,united_states,23.0,"Elyse,Nicholson",True,21,aavail_unlimited
830,singapore,40.0,"Ledger,Hanna",False,9,aavail_basic
831,united_states,24.0,"Seth,Vance",True,22,aavail_unlimited
832,united_states,25.0,"Calvin,Neal",False,14,aavail_premium
833,united_states,23.0,"Jax,Jordan",False,23,aavail_unlimited
834,singapore,24.0,"Shane,Lambert",True,18,aavail_unlimited
835,singapore,21.0,"Westin,Bowers",True,16,aavail_premium
836,singapore,34.0,"Colton,Mitchell",False,10,aavail_premium
837,singapore,27.0,"Payton,Silva",False,18,aavail_basic
838,united_states,21.0,"Malakai,Booker",False,21,aavail_basic
839,united_states,27.0,"Dakari,Cantrell",False,6,aavail_basic
840,singapore,19.0,"Zoie,Cortes",True,20,aavail_premium
841,united_states,22.0,"Mitchell,Arellano",True,20,aavail_premium
842,singapore,22.0,"Allison,Villalobos",True,3,aavail_premium
843,united_states,24.0,"Leighton,Brooks",False,8,aavail_basic
844,united_states,26.0,"Millie,Mcclure",False,19,aavail_premium
845,united_states,19.0,"Darian,Ho",False,21,aavail_premium
846,united_states,33.0,"Grayson,Malone",True,27,aavail_unlimited
847,united_states,53.0,"Maximilian,Nolan",False,22,aavail_premium
848,singapore,19.0,"Everly,Horne",False,19,aavail_basic
849,united_states,19.0,"Callan,Truong",False,17,aavail_basic
850,united_states,27.0,"Mack,Cantu",False,21,aavail_premium
851,united_states,24.0,"Theo,Russo",True,18,aavail_basic
852,united_states,20.0,"Brittany,Hardy",False,16,aavail_basic
853,united_states,22.0,"Ronan,Bowen",False,12,aavail_basic
854,united_states,27.0,"Anika,Lane",False,20,aavail_unlimited
855,united_states,22.0,"Kayson,Oconnor",True,20,aavail_unlimited
856,united_states,22.0,"Evan,Weiss",False,20,aavail_unlimited
857,united_states,40.0,"Chad,Jenkins",False,20,aavail_premium
858,singapore,47.0,"Giovanni,Richards",True,15,aavail_unlimited
859,singapore,21.0,"Miles,Friedman",True,5,aavail_unlimited
860,united_states,20.0,"Langston,Ponce",False,16,aavail_basic
861,singapore,31.0,"Jaylah,Church",True,17,aavail_unlimited
862,united_states,57.0,"Rene,Howe",False,23,aavail_premium
863,united_states,27.0,"Bryant,English",False,19,aavail_premium
864,singapore,28.0,"David,Huynh",True,18,aavail_basic
865,united_states,20.0,"Raul,May",False,16,aavail_basic
866,united_states,26.0,"Coleman,Reyna",False,23,aavail_premium
867,singapore,21.0,"Marcelo,Wells",False,15,aavail_unlimited
868,united_states,25.0,"Decker,Lindsey",False,20,aavail_basic
869,singapore,27.0,"Joyce,Short",False,20,aavail_basic
870,united_states,23.0,"Bria,Hartman",True,21,aavail_premium
871,united_states,46.0,"Victor,Bautista",True,22,aavail_premium
872,united_states,22.0,"Avi,Martin",False,17,aavail_basic
873,united_states,25.0,"Amaris,Rice",False,23,aavail_premium
874,united_states,20.0,"Jermaine,Mckay",False,14,aavail_premium
875,singapore,26.0,"Jack,Franco",True,12,aavail_unlimited
876,united_states,39.0,"Johnny,Clarke",True,20,aavail_premium
877,united_states,23.0,"Lainey,Baldwin",False,21,aavail_basic
878,united_states,21.0,"Emmeline,Moon",False,22,aavail_unlimited
879,singapore,39.0,"Manuel,Foley",True,15,aavail_basic
880,united_states,21.0,"Cruz,Burke",False,20,aavail_premium
881,united_states,45.0,"Rowen,Owens",False,22,aavail_premium
882,united_states,19.0,"Serenity,Ali",False,24,aavail_basic
883,united_states,21.0,"Milo,Wiggins",False,22,aavail_unlimited
884,singapore,22.0,"Hamza,Frost",True,13,aavail_unlimited
885,united_states,20.0,"Makayla,Williamson",False,23,aavail_premium
886,united_states,45.0,"Wallace,Faulkner",True,6,aavail_unlimited
887,united_states,42.0,"Alaya,Patterson",False,21,aavail_premium
888,singapore,23.0,"Alexis,Price",True,10,aavail_unlimited
889,singapore,24.0,"Quinn,Murphy",True,15,aavail_unlimited
890,united_states,41.0,"Lennox,Dickerson",False,21,aavail_premium
891,united_states,44.0,"Jasmine,Sampson",False,9,aavail_unlimited
892,singapore,21.0,"Penelope,Shaw",False,3,aavail_basic
893,united_states,24.0,"Sunny,Rocha",False,14,aavail_basic
894,united_states,21.0,"Cohen,Phelps",False,17,aavail_basic
895,united_states,31.0,"Paisleigh,Bauer",False,17,aavail_unlimited
896,singapore,26.0,"Ryder,Welch",True,19,aavail_basic
897,united_states,22.0,"Jordan,Escobar",False,18,aavail_basic
898,united_states,39.0,"Ramona,Donovan",False,21,aavail_premium
899,singapore,27.0,"Keenan,Krueger",False,19,aavail_basic
900,united_states,30.0,"Emery,Blankenship",False,20,aavail_basic
901,united_states,22.0,"Timothy,Hayden",False,20,aavail_premium
902,united_states,21.0,"Maximo,Bonilla",True,14,aavail_basic
903,united_states,22.0,"Waylon,Kline",False,20,aavail_basic
904,united_states,25.0,"Uriel,Hudson",False,18,aavail_basic
905,united_states,27.0,"Kannon,Russell",False,22,aavail_unlimited
906,united_states,21.0,"Xiomara,Benjamin",False,20,aavail_basic
907,singapore,30.0,"Samira,Roach",True,16,aavail_premium
908,singapore,45.0,"Thiago,Foster",False,18,aavail_basic
909,united_states,24.0,"Alonzo,Li",True,22,aavail_premium
910,singapore,23.0,"Maxton,Tyler",False,21,aavail_basic
911,united_states,25.0,"Yael,Gill",False,16,aavail_premium
912,singapore,27.0,"Ray,Lynn",False,20,aavail_basic
913,singapore,22.0,"Amara,Boyle",True,13,aavail_premium
914,united_states,17.0,"Orlando,Gonzales",False,18,aavail_unlimited
915,united_states,25.0,"Aries,Parra",False,19,aavail_basic
916,united_states,21.0,"Matteo,Townsend",False,14,aavail_basic
917,singapore,23.0,"Tatum,Atkinson",True,15,aavail_unlimited
918,united_states,24.0,"Nyla,Burton",False,17,aavail_basic
919,united_states,24.0,"Jenna,Poole",False,18,aavail_basic
920,singapore,23.0,"Drake,Love",True,9,aavail_premium
921,singapore,20.0,"Emmaline,Frank",True,14,aavail_premium
922,united_states,37.0,"Riley,Hebert",False,22,aavail_basic
923,united_states,32.0,"Sophia,Deleon",False,14,aavail_premium
924,united_states,14.0,"Margot,Marshall",False,18,aavail_unlimited
925,united_states,25.0,"Reginald,Mejia",False,18,aavail_unlimited
926,united_states,22.0,"Dennis,Sparks",False,23,aavail_premium
927,singapore,28.0,"Preston,Page",False,20,aavail_unlimited
928,united_states,24.0,"Marvin,Sutton",False,19,aavail_unlimited
929,united_states,36.0,"Jemma,Colon",True,25,aavail_basic
930,united_states,21.0,"Jerry,Cordova",False,19,aavail_basic
931,united_states,42.0,"Chance,Good",False,19,aavail_premium
932,singapore,26.0,"Noor,Stuart",False,9,aavail_premium
933,united_states,26.0,"Carmen,Blair",False,18,aavail_unlimited
934,united_states,40.0,"Forrest,Parks",False,19,aavail_unlimited
935,united_states,22.0,"Antonio,Burnett",False,19,aavail_premium
936,united_states,27.0,"Terrance,Bernard",False,17,aavail_unlimited
937,united_states,21.0,"Jaylen,Rhodes",True,19,aavail_basic
938,singapore,23.0,"Ashley,Zimmerman",True,20,aavail_basic
939,united_states,34.0,"Hugh,Livingston",False,19,aavail_unlimited
940,united_states,25.0,"Nickolas,Mays",False,18,aavail_basic
941,united_states,30.0,"Brock,Benson",False,18,aavail_unlimited
942,united_states,41.0,"Conrad,Choi",False,18,aavail_basic
943,singapore,38.0,"Gracelynn,Fry",True,24,aavail_unlimited
944,united_states,25.0,"Cadence,Holland",False,18,aavail_premium
945,singapore,25.0,"Jasiah,Schroeder",True,16,aavail_basic
946,united_states,39.0,"Lionel,Snyder",False,21,aavail_unlimited
947,united_states,22.0,"Nasir,Morgan",False,22,aavail_unlimited
948,united_states,26.0,"Adaline,Ortiz",False,18,aavail_premium
949,united_states,23.0,"Aubriella,Mccoy",True,22,aavail_basic
950,singapore,21.0,"Grant,Preston",True,13,aavail_premium
951,united_states,21.0,"Annie,Henderson",False,23,aavail_premium
952,united_states,29.0,"Kayleigh,Lugo",False,23,aavail_premium
953,united_states,21.0,"Travis,Harrington",False,20,aavail_premium
954,united_states,40.0,"Haley,Velez",False,20,aavail_premium
955,united_states,26.0,"Beckham,Rosales",False,24,aavail_premium
956,united_states,44.0,"Harper,Collins",False,21,aavail_basic
957,singapore,20.0,"Stetson,Kim",False,20,aavail_basic
958,singapore,46.0,"Edgar,Browning",False,12,aavail_premium
959,united_states,24.0,"Deandre,Lyons",False,17,aavail_premium
960,united_states,42.0,"Juliana,Arnold",False,22,aavail_unlimited
961,united_states,24.0,"Nicholas,Mcintyre",False,21,aavail_unlimited
962,singapore,39.0,"Jurnee,Clay",False,12,aavail_premium
963,united_states,28.0,"Thomas,Allison",False,26,aavail_basic
964,united_states,41.0,"Dakota,Gray",False,21,aavail_basic
965,united_states,39.0,"Saint,Wright",False,20,aavail_basic
966,united_states,21.0,"Clay,Rush",False,22,aavail_premium
967,singapore,19.0,"Aniyah,Moreno",False,15,aavail_premium
968,united_states,31.0,"Samson,Hicks",False,20,aavail_premium
969,united_states,23.0,"Ezequiel,Drake",False,17,aavail_basic
970,singapore,48.0,"Gordon,Proctor",True,13,aavail_premium
971,united_states,27.0,"Teagan,Griffin",False,18,aavail_premium
972,united_states,20.0,"Diana,Wise",False,22,aavail_unlimited
973,united_states,45.0,"Maryam,Sheppard",False,17,aavail_basic
974,united_states,15.0,"Simon,Stokes",False,17,aavail_unlimited
975,united_states,53.0,"Leo,Harper",True,22,aavail_basic
976,united_states,23.0,"Thatcher,Best",False,18,aavail_basic
977,united_states,26.0,"Crew,West",False,20,aavail_unlimited
978,singapore,20.0,"Boston,Stark",True,8,aavail_premium
979,singapore,26.0,"Elisha,Bishop",False,17,aavail_basic
980,united_states,20.0,"Forest,Bradshaw",True,19,aavail_premium
981,united_states,23.0,"Carlos,Mckenzie",False,25,aavail_unlimited
982,singapore,25.0,"Cassandra,Guerrero",False,18,aavail_basic
983,singapore,19.0,"Dominic,Trujillo",False,13,aavail_premium
984,singapore,55.0,"Westley,Leon",False,20,aavail_basic
985,united_states,24.0,"Juliette,Fitzgerald",False,22,aavail_premium
986,united_states,27.0,"Adam,Burns",False,19,aavail_basic
987,united_states,24.0,"Bianca,Benitez",False,15,aavail_basic
988,united_states,21.0,"Soren,Leach",False,17,aavail_premium
989,united_states,34.0,"Anakin,Shepherd",False,13,aavail_basic
990,united_states,28.0,"Liv,Howard",False,21,aavail_basic
991,singapore,25.0,"Mariah,Rangel",False,11,aavail_basic
992,united_states,17.0,"Mary,Newton",True,20,aavail_premium
993,united_states,26.0,"Asher,Shelton",False,22,aavail_unlimited
994,united_states,39.0,"Zahir,Cabrera",False,7,aavail_unlimited
995,united_states,20.0,"Steven,Bean",False,21,aavail_basic
996,singapore,56.0,"Peyton,Enriquez",True,14,aavail_unlimited
997,united_states,24.0,"Amina,Manning",False,24,aavail_basic
998,united_states,25.0,"Brooks,Ventura",False,17,aavail_unlimited
999,united_states,40.0,"Nayeli,Mathis",False,16,aavail_unlimited
1000,united_states,21.0,"Cole,Solis",False,18,aavail_unlimited
